kotlin,git://github.com/JetBrains/kotlin.git
rstudio,git://github.com/rstudio/rstudio.git
fred,git://github.com/freenet/fred.git
xwiki-platform,git://github.com/xwiki/xwiki-platform.git
sling,git://github.com/apache/sling.git
jitsi,git://github.com/jitsi/jitsi.git
cascading,git://github.com/cwensel/cascading.git
gradle,git://github.com/gradle/gradle.git
processing,git://github.com/processing/processing.git
FBReaderJ,git://github.com/geometer/FBReaderJ.git
hbase,git://github.com/apache/hbase.git
voltdb,git://github.com/VoltDB/voltdb.git
k-9,git://github.com/k9mail/k-9.git
h2o-2,git://github.com/h2oai/h2o-2.git
SeriesGuide,git://github.com/UweTrottmann/SeriesGuide.git
stratio-cassandra,git://github.com/Stratio/stratio-cassandra.git
rest.li,git://github.com/linkedin/rest.li.git
UniversalMediaServer,git://github.com/UniversalMediaServer/UniversalMediaServer.git
querydsl,git://github.com/querydsl/querydsl.git
wicket,git://github.com/apache/wicket.git
jetty.project,git://github.com/eclipse/jetty.project.git
hadoop,git://github.com/apache/hadoop.git
OG-Platform,git://github.com/OpenGamma/OG-Platform.git
opencms-core,git://github.com/alkacon/opencms-core.git
sonarqube,git://github.com/SonarSource/sonarqube.git
simpletask-android,git://github.com/mpcjanssen/simpletask-android.git
libjitsi,git://github.com/jitsi/libjitsi.git
infinispan,git://github.com/infinispan/infinispan.git
JGroups,git://github.com/belaban/JGroups.git
cassandra,git://github.com/apache/cassandra.git
operaprestodriver,git://github.com/operasoftware/operaprestodriver.git
railo,git://github.com/getrailo/railo.git
BroadleafCommerce,git://github.com/BroadleafCommerce/BroadleafCommerce.git
platform_dalvik,git://github.com/android/platform_dalvik.git
platform_packages_apps_contacts,git://github.com/android/platform_packages_apps_contacts.git
platform_packages_apps_email,git://github.com/android/platform_packages_apps_email.git
incubator-groovy,git://github.com/apache/incubator-groovy.git
groovy-core,git://github.com/groovy/groovy-core.git
astrid,git://github.com/todoroo/astrid.git
pentaho-kettle,git://github.com/pentaho/pentaho-kettle.git
fabric8,git://github.com/fabric8io/fabric8.git
i2p.i2p,git://github.com/i2p/i2p.i2p.git
eureka,git://github.com/Netflix/eureka.git
thucydides,git://github.com/thucydides-webtests/thucydides.git
undertow,git://github.com/undertow-io/undertow.git
Openfire,git://github.com/igniterealtime/Openfire.git
picard,git://github.com/broadinstitute/picard.git
repose,git://github.com/rackerlabs/repose.git
RxJava,git://github.com/ReactiveX/RxJava.git
jdbi,git://github.com/jdbi/jdbi.git
elasticsearch,git://github.com/elastic/elasticsearch.git
cloudstack,git://github.com/apache/cloudstack.git
netty,git://github.com/netty/netty.git
aws-sdk-java,git://github.com/aws/aws-sdk-java.git
atmosphere,git://github.com/Atmosphere/atmosphere.git
CloudStack-archive,git://github.com/CloudStack-extras/CloudStack-archive.git
platform_frameworks_support,git://github.com/android/platform_frameworks_support.git
neo4j,git://github.com/neo4j/neo4j.git
idea-php-symfony2-plugin,git://github.com/Haehnchen/idea-php-symfony2-plugin.git
Resteasy,git://github.com/resteasy/Resteasy.git
keepassdroid,git://github.com/bpellin/keepassdroid.git
ChatSecureAndroid,git://github.com/guardianproject/ChatSecureAndroid.git
airlift,git://github.com/airlift/airlift.git
WorldEdit,git://github.com/sk89q/WorldEdit.git
socialize-sdk-android,git://github.com/socialize/socialize-sdk-android.git
openmrs-core,git://github.com/openmrs/openmrs-core.git
jbehave-core,git://github.com/jbehave/jbehave-core.git
zk,git://github.com/zkoss/zk.git
spring-integration,git://github.com/spring-projects/spring-integration.git
mondrian,git://github.com/pentaho/mondrian.git
hibernate-orm,git://github.com/hibernate/hibernate-orm.git
BuildCraft,git://github.com/BuildCraft/BuildCraft.git
robocode,git://github.com/robo-code/robocode.git
stripe-java,git://github.com/stripe/stripe-java.git
mongo-java-driver,git://github.com/mongodb/mongo-java-driver.git
jclouds,git://github.com/jclouds/jclouds.git
hydra,git://github.com/addthis/hydra.git
java-memcached-client,git://github.com/dustin/java-memcached-client.git
vaadin,git://github.com/vaadin/vaadin.git
cas,git://github.com/Jasig/cas.git
pgjdbc,git://github.com/pgjdbc/pgjdbc.git
grails-core,git://github.com/grails/grails-core.git
camel,git://github.com/apache/camel.git
NotePad,git://github.com/spacecowboy/NotePad.git
erlide,git://github.com/erlide/erlide.git
zanata-server,git://github.com/zanata/zanata-server.git
android-maven-plugin,git://github.com/simpligility/android-maven-plugin.git
httpclient,git://github.com/apache/httpclient.git
curator-apache,git://github.com/apache/curator.git
itextpdf,git://github.com/itext/itextpdf.git
MozStumbler,git://github.com/mozilla/MozStumbler.git
crash,git://github.com/crashub/crash.git
HearthStats.net-Uploader,git://github.com/HearthStats/HearthStats.net-Uploader.git
hazelcast,git://github.com/hazelcast/hazelcast.git
mockito,git://github.com/mockito/mockito.git
hibernate-search,git://github.com/hibernate/hibernate-search.git
Hystrix,git://github.com/Netflix/Hystrix.git
liquibase,git://github.com/liquibase/liquibase.git
restlet-framework-java,git://github.com/restlet/restlet-framework-java.git
Subsonic,git://github.com/daneren2005/Subsonic.git
jmeter,git://github.com/apache/jmeter.git
hive,git://github.com/apache/hive.git
calabash-android,git://github.com/calabash/calabash-android.git
spring-framework,git://github.com/spring-projects/spring-framework.git
errai,git://github.com/errai/errai.git
selenium,git://github.com/SeleniumHQ/selenium.git
jgraphx,git://github.com/jgraph/jgraphx.git
astyanax,git://github.com/Netflix/astyanax.git
log4j,git://github.com/apache/log4j.git
modeshape,git://github.com/ModeShape/modeshape.git
poi,git://github.com/apache/poi.git
analytics-android,git://github.com/segmentio/analytics-android.git
struts,git://github.com/apache/struts.git
uaa,git://github.com/cloudfoundry/uaa.git
governator,git://github.com/Netflix/governator.git
igv,git://github.com/igvteam/igv.git
material-dialogs,git://github.com/afollestad/material-dialogs.git
DSpace,git://github.com/DSpace/DSpace.git
commons-lang,git://github.com/apache/commons-lang.git
github-api,git://github.com/kohsuke/github-api.git
servo,git://github.com/Netflix/servo.git
elasticsearch-jdbc,git://github.com/jprante/elasticsearch-jdbc.git
twilio-java,git://github.com/twilio/twilio-java.git
rabbitmq-java-client,git://github.com/rabbitmq/rabbitmq-java-client.git
hudson,git://github.com/kohsuke/hudson.git
spring-batch,git://github.com/spring-projects/spring-batch.git
WorldGuard,git://github.com/sk89q/WorldGuard.git
tomcat70,git://github.com/apache/tomcat70.git
Bukkit,git://github.com/Bukkit/Bukkit.git
spring-security,git://github.com/spring-projects/spring-security.git
jgit,git://github.com/eclipse/jgit.git
spring-data-commons,git://github.com/spring-projects/spring-data-commons.git
overthere,git://github.com/xebialabs/overthere.git
wigle-wifi-wardriving,git://github.com/wiglenet/wigle-wifi-wardriving.git
wildfly,git://github.com/wildfly/wildfly.git
gnucash-android,git://github.com/codinguser/gnucash-android.git
xtext,git://github.com/eclipse/xtext.git
legacy-jclouds,git://github.com/jclouds/legacy-jclouds.git
wonder,git://github.com/wocommunity/wonder.git
ormlite-core,git://github.com/j256/ormlite-core.git
javaewah,git://github.com/lemire/javaewah.git
MaterialDrawer,git://github.com/mikepenz/MaterialDrawer.git
karyon,git://github.com/Netflix/karyon.git
isis,git://github.com/apache/isis.git
spring-data-neo4j,git://github.com/spring-projects/spring-data-neo4j.git
davdroid,git://github.com/bitfireAT/davdroid.git
jackrabbit-oak,git://github.com/apache/jackrabbit-oak.git
c3p0,git://github.com/swaldman/c3p0.git
zookeeper,git://github.com/apache/zookeeper.git
drools,git://github.com/droolsjbpm/drools.git
geoserver,git://github.com/geoserver/geoserver.git
jackson-dataformat-xml,git://github.com/FasterXML/jackson-dataformat-xml.git
geotools,git://github.com/geotools/geotools.git
avro,git://github.com/apache/avro.git
ExtrabiomesXL,git://github.com/ExtrabiomesXL/ExtrabiomesXL.git
Java-Lang,git://github.com/OpenHFT/Java-Lang.git
Chronicle-Map,git://github.com/OpenHFT/Chronicle-Map.git
spring-data-mongodb,git://github.com/spring-projects/spring-data-mongodb.git
AntennaPod,git://github.com/AntennaPod/AntennaPod.git
gwt,git://github.com/gwtproject/gwt.git
guava,git://github.com/google/guava.git
jbpm,git://github.com/droolsjbpm/jbpm.git
voldemort,git://github.com/voldemort/voldemort.git
jackson-databind,git://github.com/FasterXML/jackson-databind.git
mule,git://github.com/mulesoft/mule.git
ribbon,git://github.com/Netflix/ribbon.git
pig,git://github.com/apache/pig.git
infovore,git://github.com/paulhoule/infovore.git
logback,git://github.com/qos-ch/logback.git
Pydev,git://github.com/aptana/Pydev.git
phonegap-app-developer,git://github.com/phonegap/phonegap-app-developer.git
opensearchserver,git://github.com/jaeksoft/opensearchserver.git
rest-driver,git://github.com/rest-driver/rest-driver.git
java-driver,git://github.com/datastax/java-driver.git
ormlite-android,git://github.com/j256/ormlite-android.git
jackson-core,git://github.com/FasterXML/jackson-core.git
feign,git://github.com/Netflix/feign.git
avaje-ebeanorm,git://github.com/ebean-orm/avaje-ebeanorm.git
fast-serialization,git://github.com/RuedigerMoeller/fast-serialization.git
testng,git://github.com/cbeust/testng.git
android-beacon-library,git://github.com/AltBeacon/android-beacon-library.git
eucalyptus,git://github.com/eucalyptus/eucalyptus.git
lwjgl,git://github.com/LWJGL/lwjgl.git
jackson-annotations,git://github.com/FasterXML/jackson-annotations.git
androidclient,git://github.com/kontalk/androidclient.git
less4j,git://github.com/SomMeri/less4j.git
HikariCP,git://github.com/brettwooldridge/HikariCP.git
gerrit-trigger-plugin,git://github.com/jenkinsci/gerrit-trigger-plugin.git
jogl,git://github.com/sgothel/jogl.git
AxonFramework,git://github.com/AxonFramework/AxonFramework.git
sql2o,git://github.com/aaberg/sql2o.git
orientdb,git://github.com/orientechnologies/orientdb.git
closure-compiler,git://github.com/google/closure-compiler.git
ambari,git://github.com/apache/ambari.git
spring-amqp,git://github.com/spring-projects/spring-amqp.git
Applied-Energistics-2,git://github.com/AppliedEnergistics/Applied-Energistics-2.git
checkstyle,git://github.com/checkstyle/checkstyle.git
wro4j,git://github.com/alexo/wro4j.git
google-api-java-client,git://github.com/google/google-api-java-client.git
mixpanel-android,git://github.com/mixpanel/mixpanel-android.git
denominator,git://github.com/Netflix/denominator.git
jnr-ffi,git://github.com/jnr/jnr-ffi.git
spring-boot,git://github.com/spring-projects/spring-boot.git
joda-time,git://github.com/JodaOrg/joda-time.git
maven,git://github.com/apache/maven.git
lenskit,git://github.com/lenskit/lenskit.git
snappy-java,git://github.com/xerial/snappy-java.git
MinecraftForge,git://github.com/MinecraftForge/MinecraftForge.git
commons-io,git://github.com/apache/commons-io.git
dubbo,git://github.com/alibaba/dubbo.git
facebook-android-sdk,git://github.com/facebook/facebook-android-sdk.git
mcMMO,git://github.com/mcMMO-Dev/mcMMO.git
slf4j,git://github.com/qos-ch/slf4j.git
mapdb,git://github.com/jankotek/mapdb.git
nutch,git://github.com/apache/nutch.git
android-bankdroid,git://github.com/liato/android-bankdroid.git
jPOS,git://github.com/jpos/jPOS.git
carrot2,git://github.com/carrot2/carrot2.git
lucene-solr,git://github.com/apache/lucene-solr.git
twitter4j,git://github.com/yusuke/twitter4j.git
Essentials,git://github.com/essentials/Essentials.git
egit-github,git://github.com/eclipse/egit-github.git
spring-data-redis,git://github.com/spring-projects/spring-data-redis.git
rest-assured,git://github.com/jayway/rest-assured.git
mage,git://github.com/magefree/mage.git
hibernate-validator,git://github.com/hibernate/hibernate-validator.git
elasticsearch-knapsack,git://github.com/jprante/elasticsearch-knapsack.git
mopub-android-sdk,git://github.com/mopub/mopub-android-sdk.git
parquet-mr,git://github.com/apache/parquet-mr.git
parboiled,git://github.com/sirthias/parboiled.git
EhViewer,git://github.com/seven332/EhViewer.git
immutables,git://github.com/immutables/immutables.git
hector,git://github.com/hector-client/hector.git
swift,git://github.com/facebook/swift.git
spring-webflow,git://github.com/spring-projects/spring-webflow.git
osmosis,git://github.com/openstreetmap/osmosis.git
floobits-intellij,git://github.com/Floobits/floobits-intellij.git
jena,git://github.com/apache/jena.git
mcpatcher,git://github.com/pclewis/mcpatcher.git
jna,git://github.com/java-native-access/jna.git
pentaho-platform,git://github.com/pentaho/pentaho-platform.git
activemq,git://github.com/apache/activemq.git
PassAndroid,git://github.com/ligi/PassAndroid.git
actor-platform,git://github.com/actorapp/actor-platform.git
appfuse,git://github.com/appfuse/appfuse.git
bytecode-viewer,git://github.com/Konloch/bytecode-viewer.git
suro,git://github.com/Netflix/suro.git
thymeleaf,git://github.com/thymeleaf/thymeleaf.git
druid,git://github.com/alibaba/druid.git
spring-data-rest,git://github.com/spring-projects/spring-data-rest.git
tika,git://github.com/apache/tika.git
vlcj,git://github.com/caprica/vlcj.git
Activiti,git://github.com/Activiti/Activiti.git
photup,git://github.com/chrisbanes/photup.git
ngrinder,git://github.com/naver/ngrinder.git
eclipsefp,git://github.com/JPMoresmau/eclipsefp.git
spring-roo,git://github.com/spring-projects/spring-roo.git
Twidere-Android,git://github.com/TwidereProject/Twidere-Android.git
bnd,git://github.com/bndtools/bnd.git
ccnx,git://github.com/ProjectCCNx/ccnx.git
griffon,git://github.com/griffon/griffon.git
semantic-versioning,git://github.com/jeluard/semantic-versioning.git
android_frameworks_base,git://github.com/CyanogenMod/android_frameworks_base.git
elephant-bird,git://github.com/twitter/elephant-bird.git
ps3mediaserver,git://github.com/ps3mediaserver/ps3mediaserver.git
jacoco,git://github.com/jacoco/jacoco.git
java-cas-client,git://github.com/Jasig/java-cas-client.git
javassist,git://github.com/jboss-javassist/javassist.git
bndtools,git://github.com/bndtools/bndtools.git
spring-security-oauth,git://github.com/spring-projects/spring-security-oauth.git
github-plugin,git://github.com/jenkinsci/github-plugin.git
docker-plugin,git://github.com/jenkinsci/docker-plugin.git
spring-data-solr,git://github.com/spring-projects/spring-data-solr.git
args4j,git://github.com/kohsuke/args4j.git
logstash-logback-encoder,git://github.com/logstash/logstash-logback-encoder.git
zeno,git://github.com/Netflix/zeno.git
artemis-odb,git://github.com/junkdog/artemis-odb.git
libgdx,git://github.com/libgdx/libgdx.git
tomcat,git://github.com/apache/tomcat.git
robovm,git://github.com/robovm/robovm.git
keycloak,git://github.com/keycloak/keycloak.git
arquillian-core,git://github.com/arquillian/arquillian-core.git
incubator-calcite,git://github.com/apache/incubator-calcite.git
quickfixj,git://github.com/quickfix-j/quickfixj.git
Android-Universal-Image-Loader,git://github.com/nostra13/Android-Universal-Image-Loader.git
BarcodeScanner,git://github.com/wildabeast/BarcodeScanner.git
jsoup,git://github.com/jhy/jsoup.git
FML,git://github.com/MinecraftForge/FML.git
camunda-bpm-platform,git://github.com/camunda/camunda-bpm-platform.git
mycollab,git://github.com/MyCollab/mycollab.git
GWTP,git://github.com/ArcBees/GWTP.git
boon,git://github.com/boonproject/boon.git
activejdbc,git://github.com/javalite/activejdbc.git
proctor,git://github.com/indeedeng/proctor.git
prevayler,git://github.com/jsampson/prevayler.git
liferay-plugins,git://github.com/liferay/liferay-plugins.git
roboguice,git://github.com/roboguice/roboguice.git
PayPal-Java-SDK,git://github.com/paypal/PayPal-Java-SDK.git
memcached-session-manager,git://github.com/magro/memcached-session-manager.git
sqoop-release,git://github.com/apache/sqoop.git
groovy-eclipse,git://github.com/groovy/groovy-eclipse.git
google-http-java-client,git://github.com/google/google-http-java-client.git
wiremock,git://github.com/tomakehurst/wiremock.git
jOOQ,git://github.com/jOOQ/jOOQ.git
jolokia,git://github.com/rhuss/jolokia.git
facebook4j,git://github.com/roundrop/facebook4j.git
jcabi-aspects,git://github.com/jcabi/jcabi-aspects.git
ListViewAnimations,git://github.com/nhaarman/ListViewAnimations.git
bonecp,git://github.com/wwadge/bonecp.git
workflow-plugin,git://github.com/jenkinsci/workflow-plugin.git
btrace,git://github.com/jbachorik/btrace.git
pebble,git://github.com/mbosecke/pebble.git
Android-PullToRefresh,git://github.com/chrisbanes/Android-PullToRefresh.git
OpenRefine,git://github.com/OpenRefine/OpenRefine.git
citrus,git://github.com/webx/citrus.git
ofbiz,git://github.com/apache/ofbiz.git
config,git://github.com/typesafehub/config.git
marytts,git://github.com/marytts/marytts.git
morphia,git://github.com/mongodb/morphia.git
vk-android-sdk,git://github.com/VKCOM/vk-android-sdk.git
autopsy,git://github.com/sleuthkit/autopsy.git
Android-Iconics,git://github.com/mikepenz/Android-Iconics.git
opennlp,git://github.com/apache/opennlp.git
okhttp,git://github.com/square/okhttp.git
guice,git://github.com/google/guice.git
fitnesse,git://github.com/unclebob/fitnesse.git
vraptor4,git://github.com/caelum/vraptor4.git
pdfbox,git://github.com/apache/pdfbox.git
soot,git://github.com/Sable/soot.git
Carbon,git://github.com/ZieIony/Carbon.git
gridgain,git://github.com/gridgain/gridgain.git
zaproxy,git://github.com/zaproxy/zaproxy.git
selenide,git://github.com/codeborne/selenide.git
CrossBow,git://github.com/TwistedEquations/CrossBow.git
titan,git://github.com/thinkaurelius/titan.git
Terasology,git://github.com/MovingBlocks/Terasology.git
TweetLanes,git://github.com/chrislacy/TweetLanes.git
hibernate-ogm,git://github.com/hibernate/hibernate-ogm.git
optiq,git://github.com/julianhyde/optiq.git
bither-android,git://github.com/bither/bither-android.git
metadata-extractor,git://github.com/drewnoakes/metadata-extractor.git
thymeleaf-layout-dialect,git://github.com/ultraq/thymeleaf-layout-dialect.git
androidquery,git://github.com/androidquery/androidquery.git
jasmine-maven-plugin,git://github.com/searls/jasmine-maven-plugin.git
spring-social-facebook,git://github.com/spring-projects/spring-social-facebook.git
gatk,git://github.com/broadgsa/gatk.git
structr,git://github.com/structr/structr.git
elasticsearch-analysis-icu,git://github.com/elastic/elasticsearch-analysis-icu.git
picasso,git://github.com/square/picasso.git
junit,git://github.com/junit-team/junit.git
phonegap-facebook-plugin,git://github.com/Wizcorp/phonegap-facebook-plugin.git
android-database-sqlcipher,git://github.com/sqlcipher/android-database-sqlcipher.git
ideavim,git://github.com/JetBrains/ideavim.git
UpdateChecker,git://github.com/rampo/UpdateChecker.git
parseq,git://github.com/linkedin/parseq.git
playn,git://github.com/threerings/playn.git
d2rq,git://github.com/d2rq/d2rq.git
GeoIP2-java,git://github.com/maxmind/GeoIP2-java.git
Jnario,git://github.com/sebastianbenz/Jnario.git
st-js,git://github.com/st-js/st-js.git
xtreemfs,git://github.com/xtreemfs/xtreemfs.git
bigbluebutton,git://github.com/bigbluebutton/bigbluebutton.git
android-volley,git://github.com/mcxiaoke/android-volley.git
robospice,git://github.com/stephanenicolas/robospice.git
MaterialEditText,git://github.com/rengwuxian/MaterialEditText.git
blueprints,git://github.com/tinkerpop/blueprints.git
sdkexamples-android,git://github.com/easemob/sdkexamples-android.git
restfb,git://github.com/restfb/restfb.git
spock,git://github.com/spockframework/spock.git
freemarker,git://github.com/freemarker/freemarker.git
nifty,git://github.com/facebook/nifty.git
CommandBook,git://github.com/sk89q/CommandBook.git
truth,git://github.com/google/truth.git
hppc,git://github.com/carrotsearch/hppc.git
geppetto,git://github.com/cloudsmith/geppetto.git
ReactFX,git://github.com/TomasMikula/ReactFX.git
glide,git://github.com/bumptech/glide.git
jstorm,git://github.com/alibaba/jstorm.git
java-apns,git://github.com/notnoop/java-apns.git
material-menu,git://github.com/balysv/material-menu.git
selendroid,git://github.com/selendroid/selendroid.git
spring-social,git://github.com/spring-projects/spring-social.git
sshj,git://github.com/hierynomus/sshj.git
OpenIAB,git://github.com/onepf/OpenIAB.git
soapui,git://github.com/SmartBear/soapui.git
crawljax,git://github.com/crawljax/crawljax.git
accumulo,git://github.com/apache/accumulo.git
transdroid,git://github.com/erickok/transdroid.git
gwt-maven-plugin,git://github.com/gwt-maven-plugin/gwt-maven-plugin.git
BoofCV,git://github.com/lessthanoptimal/BoofCV.git
Android-Next,git://github.com/mcxiaoke/Android-Next.git
RichTextFX,git://github.com/TomasMikula/RichTextFX.git
zxing,git://github.com/zxing/zxing.git
openhab,git://github.com/openhab/openhab.git
bitcoinj,git://github.com/bitcoinj/bitcoinj.git
todo.txt-android,git://github.com/ginatrapani/todo.txt-android.git
mahout,git://github.com/apache/mahout.git
antlr4,git://github.com/antlr/antlr4.git
cloudhopper-smpp,git://github.com/twitter/cloudhopper-smpp.git
jcommon,git://github.com/facebook/jcommon.git
nd4j,git://github.com/deeplearning4j/nd4j.git
BiomesOPlenty,git://github.com/Glitchfiend/BiomesOPlenty.git
obd-java-api,git://github.com/pires/obd-java-api.git
jsprit,git://github.com/jsprit/jsprit.git
android-support-v4-googlemaps,git://github.com/petedoyle/android-support-v4-googlemaps.git
togglz,git://github.com/togglz/togglz.git
chipKIT32-MAX,git://github.com/chipKIT32/chipKIT32-MAX.git
java-object-diff,git://github.com/SQiShER/java-object-diff.git
eurekastreams,git://github.com/lmco/eurekastreams.git
tachyon,git://github.com/amplab/tachyon.git
Metamorphosis,git://github.com/killme2008/Metamorphosis.git
flume-release,git://github.com/apache/flume.git
Smack,git://github.com/igniterealtime/Smack.git
stream-lib,git://github.com/addthis/stream-lib.git
gs-collections,git://github.com/goldmansachs/gs-collections.git
concourse,git://github.com/cinchapi/concourse.git
raven-java,git://github.com/getsentry/raven-java.git
jbox2d,git://github.com/jbox2d/jbox2d.git
GeoGig,git://github.com/boundlessgeo/GeoGig.git
restx,git://github.com/restx/restx.git
Java-Thread-Affinity,git://github.com/OpenHFT/Java-Thread-Affinity.git
bson4jackson,git://github.com/michel-kraemer/bson4jackson.git
sqlite-jdbc,git://github.com/xerial/sqlite-jdbc.git
capsule,git://github.com/puniverse/capsule.git
acra,git://github.com/ACRA/acra.git
openstack-java-sdk,git://github.com/woorea/openstack-java-sdk.git
OpenGrok,git://github.com/OpenGrok/OpenGrok.git
kite,git://github.com/kite-sdk/kite.git
assertj-core,git://github.com/joel-costigliola/assertj-core.git
orbit,git://github.com/electronicarts/orbit.git
Web-Karma,git://github.com/usc-isi-i2/Web-Karma.git
play-pac4j,git://github.com/pac4j/play-pac4j.git
frames,git://github.com/tinkerpop/frames.git
slice,git://github.com/airlift/slice.git
HoloEverywhere,git://github.com/Prototik/HoloEverywhere.git
brut.apktool,git://github.com/brutall/brut.apktool.git
XChange,git://github.com/timmolter/XChange.git
vraptor,git://github.com/caelum/vraptor.git
shiro,git://github.com/apache/shiro.git
m2e-android,git://github.com/rgladwell/m2e-android.git
jdom,git://github.com/hunterhacker/jdom.git
ols,git://github.com/jawi/ols.git
nginx-clojure,git://github.com/nginx-clojure/nginx-clojure.git
webmagic,git://github.com/code4craft/webmagic.git
KJFrameForAndroid,git://github.com/kymjs/KJFrameForAndroid.git
quickblox-android-sdk,git://github.com/QuickBlox/quickblox-android-sdk.git
java,git://github.com/pubnub/java.git
jmxtrans,git://github.com/jmxtrans/jmxtrans.git
xmemcached,git://github.com/killme2008/xmemcached.git
oozie,git://github.com/yahoo/oozie.git
zoie,git://github.com/senseidb/zoie.git
httl,git://github.com/httl/httl.git
owlapi,git://github.com/owlcs/owlapi.git
Yaaic,git://github.com/pocmo/Yaaic.git
multi-thread-context,git://github.com/alibaba/multi-thread-context.git
aws-sdk-android,git://github.com/aws/aws-sdk-android.git
asciidoctorj,git://github.com/asciidoctor/asciidoctorj.git
ceylon-compiler,git://github.com/ceylon/ceylon-compiler.git
Rythm,git://github.com/greenlaw110/Rythm.git
restcountries,git://github.com/fayder/restcountries.git
mongo-hadoop,git://github.com/mongodb/mongo-hadoop.git
flink,git://github.com/apache/flink.git
j2objc,git://github.com/google/j2objc.git
spring,git://github.com/mybatis/spring.git
mapbox-android-sdk,git://github.com/mapbox/mapbox-android-sdk.git
hbc,git://github.com/twitter/hbc.git
EverMemo,git://github.com/daimajia/EverMemo.git
dcm4che,git://github.com/dcm4che/dcm4che.git
datacube,git://github.com/urbanairship/datacube.git
spring-retry,git://github.com/spring-projects/spring-retry.git
fanfoudroid,git://github.com/fanfoudroid/fanfoudroid.git
WeatherLib,git://github.com/survivingwithandroid/WeatherLib.git
Java-Chronicle,git://github.com/peter-lawrey/Java-Chronicle.git
guacamole-client,git://github.com/glyptodon/guacamole-client.git
languagetool,git://github.com/languagetool-org/languagetool.git
gwtbootstrap3,git://github.com/gwtbootstrap3/gwtbootstrap3.git
DataflowJavaSDK,git://github.com/GoogleCloudPlatform/DataflowJavaSDK.git
goclipse,git://github.com/GoClipse/goclipse.git
bobo,git://github.com/senseidb/bobo.git
h-store,git://github.com/apavlo/h-store.git
adblockplusandroid,git://github.com/adblockplus/adblockplusandroid.git
CLAVIN,git://github.com/Berico-Technologies/CLAVIN.git
HugeCollections,git://github.com/OpenHFT/HugeCollections.git
enroscar,git://github.com/stanfy/enroscar.git
fresco,git://github.com/facebook/fresco.git
flyway,git://github.com/flyway/flyway.git
jzmq,git://github.com/zeromq/jzmq.git
spring-android,git://github.com/spring-projects/spring-android.git
asynchbase,git://github.com/OpenTSDB/asynchbase.git
caelum-stella,git://github.com/caelum/caelum-stella.git
giraph,git://github.com/apache/giraph.git
Transitions-Everywhere,git://github.com/andkulikov/Transitions-Everywhere.git
TwelveMonkeys,git://github.com/haraldk/TwelveMonkeys.git
liblinear-java,git://github.com/bwaldvogel/liblinear-java.git
spring-elasticsearch,git://github.com/dadoonet/spring-elasticsearch.git
subsonic,git://github.com/EugeneKay/subsonic.git
Koloboke,git://github.com/OpenHFT/Koloboke.git
hudson-2.x,git://github.com/hudson/hudson-2.x.git
choco3,git://github.com/chocoteam/choco3.git
Tweetin,git://github.com/mthli/Tweetin.git
ioke,git://github.com/olabini/ioke.git
idea-php-laravel-plugin,git://github.com/Haehnchen/idea-php-laravel-plugin.git
android-maps-utils,git://github.com/googlemaps/android-maps-utils.git
osmdroid,git://github.com/osmdroid/osmdroid.git
core,git://github.com/dotCMS/core.git
CircularReveal,git://github.com/ozodrukh/CircularReveal.git
Lealone,git://github.com/codefollower/Lealone.git
JavaHamcrest,git://github.com/hamcrest/JavaHamcrest.git
onos,git://github.com/opennetworkinglab/onos.git
java-api-wrapper,git://github.com/soundcloud/java-api-wrapper.git
jenkins-gitlab-merge-request-builder-plugin,git://github.com/timols/jenkins-gitlab-merge-request-builder-plugin.git
jsonld-java,git://github.com/jsonld-java/jsonld-java.git
aws-toolkit-eclipse,git://github.com/aws/aws-toolkit-eclipse.git
GoogleAuth,git://github.com/wstrange/GoogleAuth.git
MonsterHunter4UDatabase,git://github.com/kamegami13/MonsterHunter4UDatabase.git
netflix-graph,git://github.com/Netflix/netflix-graph.git
guava-retrying,git://github.com/rholder/guava-retrying.git
webimageloader,git://github.com/lexs/webimageloader.git
muzei,git://github.com/romannurik/muzei.git
Bolts-Android,git://github.com/BoltsFramework/Bolts-Android.git
Android-BitmapCache,git://github.com/chrisbanes/Android-BitmapCache.git
jeromq,git://github.com/zeromq/jeromq.git
asterisk-java,git://github.com/asterisk-java/asterisk-java.git
evernote-sdk-android,git://github.com/evernote/evernote-sdk-android.git
antlr3,git://github.com/antlr/antlr3.git
StartupNews,git://github.com/halzhang/StartupNews.git
changeloglib,git://github.com/gabrielemariotti/changeloglib.git
Ektorp,git://github.com/helun/Ektorp.git
functionaljava,git://github.com/functionaljava/functionaljava.git
stratosphere,git://github.com/stratosphere/stratosphere.git
GLWallpaperService,git://github.com/markfguerra/GLWallpaperService.git
AndroidCaldavSyncAdapater,git://github.com/gggard/AndroidCaldavSyncAdapater.git
ImageViewEx,git://github.com/frapontillo/ImageViewEx.git
incubator-kylin,git://github.com/apache/incubator-kylin.git
JSONassert,git://github.com/skyscreamer/JSONassert.git
Paginize,git://github.com/neevek/Paginize.git
PhotoView,git://github.com/chrisbanes/PhotoView.git
docx4j,git://github.com/plutext/docx4j.git
drill,git://github.com/apache/drill.git
XposedBridge,git://github.com/rovo89/XposedBridge.git
multibit,git://github.com/bitcoin-solutions/multibit.git
browsermob-proxy,git://github.com/webmetrics/browsermob-proxy.git
tape,git://github.com/square/tape.git
mct,git://github.com/nasa/mct.git
fab,git://github.com/shell-software/fab.git
openwayback,git://github.com/iipc/openwayback.git
nodeclipse-1,git://github.com/Nodeclipse/nodeclipse-1.git
htmlelements,git://github.com/yandex-qatools/htmlelements.git
HotswapAgent,git://github.com/HotswapProjects/HotswapAgent.git
WizarDroid,git://github.com/Nimrodda/WizarDroid.git
libgdx-contribs,git://github.com/manuelbua/libgdx-contribs.git
fixflow,git://github.com/fixteam/fixflow.git
pi4j,git://github.com/Pi4J/pi4j.git
ANE-Facebook,git://github.com/freshplanet/ANE-Facebook.git
